{"cameraMode":{"drawMode":0,"name":"Shaded","section":"Shading Mode"},"sceneLighting":true,"audioPlay":false,"sceneViewState":{"showFog":true,"showMaterialUpdate":true,"showSkybox":true,"showFlares":true,"showImageEffects":true,"showParticleSystems":true},"in2DMode":false,"pivot":{"x":3.164381504058838,"y":2.22265625,"z":4.091346740722656},"rotation":{"x":0.7060324549674988,"y":-0.0042489743791520599,"z":0.00423624599352479,"w":0.7081539630889893},"size":13.685558319091797,"orthographic":true}