{"cameraMode":{"drawMode":0,"name":"Shaded","section":"Shading Mode"},"sceneLighting":true,"audioPlay":false,"sceneViewState":{"showFog":true,"showMaterialUpdate":true,"showSkybox":true,"showFlares":true,"showImageEffects":true,"showParticleSystems":true},"in2DMode":false,"pivot":{"x":2.2080001831054689,"y":-1.4921875,"z":1.65234375},"rotation":{"x":0.42630070447921755,"y":0.0013569712173193694,"z":-0.0006387978792190552,"w":0.904584527015686},"size":23.689483642578126,"orthographic":true}