{"cameraMode":{"drawMode":0,"name":"Shaded","section":"Shading Mode"},"sceneLighting":true,"audioPlay":false,"sceneViewState":{"showFog":true,"showMaterialUpdate":true,"showSkybox":true,"showFlares":true,"showImageEffects":true,"showParticleSystems":true},"in2DMode":false,"pivot":{"x":3.3371567726135256,"y":-3.6104049682617189,"z":7.552448272705078},"rotation":{"x":0.3305378258228302,"y":-0.011325124651193619,"z":0.003966758958995342,"w":0.9437169432640076},"size":84.13381958007813,"orthographic":false}