{"cameraMode":{"drawMode":0,"name":"Shaded","section":"Shading Mode"},"sceneLighting":true,"audioPlay":false,"sceneViewState":{"showFog":true,"showMaterialUpdate":true,"showSkybox":true,"showFlares":true,"showImageEffects":true,"showParticleSystems":true},"in2DMode":false,"pivot":{"x":2.618408203125,"y":4.8150634765625,"z":-3.30859375},"rotation":{"x":0.30921000242233279,"y":0.01426419522613287,"z":-0.004638548009097576,"w":0.9508769512176514},"size":18.30308723449707,"orthographic":true}